DROP TABLE IF EXISTS HUT;
DROP TABLE IF EXISTS PARKINGLOT;
DROP TABLE IF EXISTS HIKEREFERENCEPOINT;
DROP TABLE IF EXISTS POINT;
DROP TABLE IF EXISTS HIKE;
DROP TABLE IF EXISTS USER;
DROP TABLE IF EXISTS HIKEGROUP;
DROP TABLE IF EXISTS HIKEGROUPMEMBER;
DROP TABLE IF EXISTS HUTWORKER;

CREATE TABLE USER (
	userID INTEGER PRIMARY KEY,
	name TEXT,
	surname TEXT,
	email TEXT,
	phoneNumber TEXT,
	type TEXT,
	salt TEXT,
	hashedPassword TEXT,
	verified INTEGER,
	token TEXT
);
CREATE TABLE POINT(
	pointID INTEGER PRIMARY KEY,
	name TEXT,
	latitude REAL,
	longitude REAL,
	address TEXT,
	municipality TEXT,
	province TEXT,
	pointType TEXT NOT NULL
);
CREATE TABLE HUT (
	hutID INTEGER PRIMARY KEY,
	bedspace INTEGER,
	hutOwnerID INTEGER
);
CREATE TABLE PARKINGLOT (
	parkingLotId INTEGER PRIMARY KEY,
	name TEXT,
	municipality TEXT,
	province TEXT,
	carspace INTEGER
);
CREATE TABLE HIKEREFERENCEPOINT (
	hikeID INTEGER NOT NULL,
	referencePointId INTEGER NOT NULL,
	PRIMARY KEY (hikeID, referencePointId)
);
CREATE TABLE HIKE (
	hikeID INTEGER PRIMARY KEY,
	title TEXT,
	length INTEGER,
	expectedTime INTEGER,
	ascent INTEGER,
	difficulty TEXT,
	startPointID INTEGER,
	endPointID INTEGER,
	description TEXT,
	municipality TEXT,
	province TEXT
);
CREATE TABLE HIKEGROUP(
	groupID INTEGER NOT NULL,
	hikeID INTEGER NOT NULL,
	leaderID INTEGER NOT NULL,
	PRIMARY KEY (groupID, hikeID)
);
CREATE TABLE HIKEGROUPMEMBER(
	groupID INTEGER NOT NULL,
	userID INTEGER NOT NULL,
	confirmed INTEGER NOT NULL,
	completed INTEGER NOT NULL, 
	PRIMARY KEY (groupID, userID)
);
CREATE TABLE HUTWORKER(
	userID INTEGER PRIMARY KEY,
	hutID INTEGER NOT NULL,
	confirmed INTEGER NOT NULL
);

INSERT INTO USER (userID, name, surname, email, phoneNumber, type, salt, hashedPassword, verified, token)
		VALUES
		(1,		"Mario",	"Rossi",	"mario.rossi@email.com",	"12345678901",	"hiker",		"e2c8b3c929cbd232d2b0a4ec86541f2b", "3737b273a3ce89d39a0defe68af81f41", 0, "096f319906eeb497308b"),
		(2,		"Antonio",	"Bianchi",	"antonio.bianchi@email.com","234567890",	"localGuide",	"4d0674a27d4b512b7d1a5e576b7bd22e", "9beb9b87d0ada1dc9a0294f6cda52de2", 1, "9db183835b5095a2fe3b"),
		(3,		"Cristian",	"Verdi",	"cristian.verdi@email.com",	"3456789012",	"hutWorker",	"c916da4ef3a473d862a7b10c65f10ec0", "214e83c9288a28eeae8ef4c5d90bcbbc", 0, "b8ad08aad8e0246f9796"),
		(4,		"Randolph",	"Carter",	"andolph.arter@email.com",	"3456789012" ,	"hiker",		"19553e12f7a26f5a03e27535bdcaa934", "6c162af51f7d3bd4dcdd3473f5ef966c", 1, "9624204ad3e62652572f"),
		(5,		"Larry",	"Thomas",	".homas@email.com",			"12345678901",	"hiker",		"64338048d65002be18a12aa199f066ab", "614945b9aa9ed013352e086c69de3a69", 0, "92f036e0b3e9cdaca0be"),
		(6,		"Frank",	"Johnson",	"rank.ohnson@email.com",	"12345678901",	"hiker",		"eb2262a72a0a66fefc27d41fb5c4fa1b", "76fc845c94171f48fbf760f07bf4b800", 1, "95de7689d924b30fc36d"),
		(7,		"Eric",		"Williams",	"ric.illiams@email.com",	"12345678901",	"hiker",		"d462395a99e5bb30410f0df3661f5c6e", "21e4ff57a3613181597028b67c1fddea", 0, "af0ac3118920c4221d37"),
		(8,		"Stephen",	"Brown",	"tephen.rown@mail.com",		"12345678901",	"hiker",		"81e1eab27b85250d64e5869f373abb24", "afb686bd9e4f422bed33dc6fa001f6b6", 1, "dcb31fcaeaa09ca1d889"),
		(9,		"Andrew",	"Miller",	"ndrew.iller@email.com",	"12345678901",	"localGuide",	"ed407a43fe0316eee0aa6162b45e3a20", "bcca6b149b5c978304bcab18bcefa83f", 0, "a7cbaefd65187a2c72dd"),
		(10,	"Gregory",	"Jones",	"regory.ones@email.com",	"12345678901",	"localGuide",	"d62ecd543f8f1baf24b2576562c59aaf", "3e8a2844dbf65ca99a3537459ca9ad31", 1, "c60030e908b4dfe6ca56"),
		(11,	"Mary",		"Lee",		"ary.ee@email.com",			"234567890",	"localGuide",	"fd6fc0d277420d47bec20814c789b3f2", "663a3233acb3c6a11d7221f8f8384552", 0, "c5bd845e9d0d842580bb"),
		(12,	"Friede",	"Gonzalez",	"riede.onzalez@email.com",	"234567890",	"localGuide",	"14810b323656d8fe539f965157ea94f5", "c5fcb8fc2860f59520d17f24d869cac9", 1, "b2d46a8548ea512dd661"),
		(13,	"Patricia",	"Harris",	"atricia.arris@email.com",	"234567890",	"localGuide",	"103398d9b123750bf0035d89fe7f152a", "775b7ec077d60d8d6632bff70c2f7631", 0, "fbf7d15ab43f19267fc8"),
 		(14,	"Linda",	"Clark",	"inda.lark@email.com",		"234567890",	"localGuide",	"99b5a2008096a75094accd4fd3b622c5", "35e6d9bdc58601c6df083575eca0a85b", 1, "9feadc7620ea50b0de06"),
		(15,	"Barbara",	"Robinson",	"arbara.obinson@email.com",	"234567890",	"localGuide",	"2b3e4e973bd44c441859307476401419", "d05239a4245ba825e61786cd1649e58d", 0, "97af67210f9d7f510d6c"),
		(16,	"Elizabeth","Lewis",	"lizabeth.ewis@email.com",	"3456789012",	"hutWorker",	"230f5385efe5cc7eb8e7cf8eb0fcfb05", "160df082f2fb1074cf554feebbcfb736", 1, "2943f3fc5c8f9f0900b6"),
		(17,	"Jennifer",	"Walker",	"ennifer.alker@email.com",	"3456789012",	"hutWorker",	"4ae199deae86fc7a2adcc7b3d3146087", "4ae199deae86fc7a2adcc7b3d3146087", 0, "216884a5fe6f6e91e6d0"), 
		(18,	"Maria",	"Hall",		"aria.all@email.com", 		"3456789012",	"hutWorker",	"2e4536acd14508c40cc19d3dc06b3070", "1b89bba839d3a1f69f37b1069bcf32e9", 1, "df9e7b5cac18ab2286bd"), 
		(19,	"Susan",	"Young",	"usan.oung@email.com",		"3456789012",	"hutWorker",	"986dbcae3953cae1172e8ccc3e38d18c", "ca1171e03a509d2c4347db364d559ee1", 0, "882887635bc1ba86472c"), 
		(20,	"Eileen",	"Allen",	"ileen.llen@email.com",		"3456789012",	"hutWorker",	"add7d5daded92afa014417539a998213", "9bc8b87be611f3a15fee8901507f83a3", 1, "29ed7fceaabfa15b1833"), 
		(21,	"Dorothy",	"Sanchez",	"orothy.anchez@email.com",	"3456789012",	"hutWorker",	"8df096854b70171f1b802824efa9e2d0", "a19d1cae7186a9d334b3d756d5239d49", 0, "bd3968a7d6b351f09420");
INSERT INTO POINT(pointID, name, latitude, longitude, address, municipality, province, pointType) 
	VALUES
		(1, "hut#1", "123", "456", "address1", "Settimo", "Torino", "hut"),
		(2, "park#1", "123", "456", "address2", "Settimo", "Torino", "parkinglot"),
		(3, "hut#2", "123", "456", "address3","Settimo", "Torino", "hut"),
		(4, "park#2", "123", "456", "address4", "Settimo", "Torino", "parkinglot"),
		(5, "generic#1", "123", "456", "address5", "Settimo", "Torino", "generic"),
		(6,  "hut#3", "123", "456", "address6", "Trecate", "Novara", "hut"),
		(7,  "hut#4", "123", "456", "address7", "Candelo", "Biella", "hut"),
		(8,  "hut#5", "123", "456", "address8", "Refrancore", "Asti", "hut"),
		(9,  "hut#6", "123", "456", "address9", "Refrancore", "Asti", "hut"),
		(10, "hut#7", "123", "456", "address10", "Trecate", "Novara", "hut"),
		(11, "hut#8", "123", "456", "address11", "Refrancore", "Asti", "hut"),
		(12, "hut#9", "123", "456", "address12", "Candelo", "Biella", "hut"),
		(13, "hut#10", "123", "456", "address13", "Refrancore", "Asti", "hut"),
		(14, "hut#11", "123", "456", "address14", "Trecate", "Novara", "hut"),
		(15, "hut#12", "123", "456", "address15", "Candelo", "Biella", "hut"),
		(16, "hut#13", "123", "456", "address16", "Refrancore", "Asti", "hut"),
		(17, "hut#14", "123", "456", "address17", "Trecate", "Novara", "hut"),
		(18, "hut#15", "123", "456", "address18", "Refrancore", "Asti", "hut"),
		(19, "hut#16", "123", "456", "address19", "Trecate", "Novara", "hut"),
		(20, "hut#17", "123", "456", "address20", "Candelo", "Biella", "hut"),
		(21, "hut#18", "123", "456", "address21", "Settimo", "Torino",  "hut"),
		(22, "park#3", "123", "456", "address22", "Trecate", "Novara", "parkinglot"),
		(23, "park#4", "123", "456", "address23", "Settimo", "Torino",  "parkinglot"),
		(24, "park#5", "123", "456", "address24", "Refrancore", "Asti", "parkinglot"),
		(25, "park#6", "123", "456", "address25", "Settimo", "Torino",  "parkinglot"),
		(26, "park#7", "123", "456", "address26", "Candelo", "Biella", "parkinglot"),
		(27, "park#8", "123", "456", "address27", "Settimo", "Torino",  "parkinglot"),
		(28, "park#9", "123", "456", "address28", "Candelo", "Biella", "parkinglot"),
		(29, "park#10", "123", "456", "address29", "Settimo", "Torino",  "parkinglot"),
		(30, "park#11", "123", "456", "address30", "Refrancore", "Asti", "parkinglot"),
		(31, "park#12", "123", "456", "address31", "Settimo", "Torino",  "parkinglot"),
		(32, "park#13", "123", "456", "address32", "Trecate", "Novara", "parkinglot"),
		(33, "park#14", "123", "456", "address33", "Settimo", "Torino",  "parkinglot"),
		(34, "generic#2", "123", "456", "address34", "Refrancore", "Asti", "generic"),
		(35, "generic#3","123", "456", "address35", "Refrancore", "Asti", "generic"),
		(36, "generic#4", "123", "456", "address36", "Candelo", "Biella", "generic"),
		(37, "generic#5", "123", "456", "address37", "Trecate", "Novara", "generic"),
		(38, "generic#6", "123", "456", "address38", "Candelo", "Biella", "generic"),
		(39, "generic#7", "123", "456", "address39", "Trecate", "Novara", "generic"),
		(40, "generic#8", "123", "456", "address40", "Candelo", "Biella", "generic"),
		(41, "generic#9", "123", "456", "address41", "Refrancore", "Asti", "generic"),
		(42, "generic#10", "123", "456", "address42", "Trecate", "Novara", "generic"),
		(43, "generic#11", "123", "456", "address43", "Refrancore", "Asti", "generic"),
		(44, "generic#12", "123", "456", "address44", "Settimo", "Torino", "generic"),
		(45, "generic#13", "123", "456", "address45", "Trecate", "Novara", "generic"),
		(46, "generic#14", "123", "456", "address46", "Settimo", "Torino", "generic"),
		(47, "generic#15", "123", "456", "address47", "Refrancore", "Asti", "generic"),
		(48, "generic#16", "123", "456", "address48", "Settimo", "Torino", "generic"),
		(49, "generic#17", "123", "456", "address49", "Refrancore", "Asti", "generic"),
		(50, "generic#18", "123", "456", "address50", "Settimo", "Torino", "generic");

INSERT INTO HUT (hutID, bedspace, hutOwnerID) 
	VALUES
		(1, 50, 3),
		(2, 49, 3),
		(3, 48, 3),
		(4, 47, 3),
		(5, 46, 3),
		(6, 45, 3),
		(7, 44, 3),
		(8, 43, 3),
		(9, 42, 3),
		(10, 41, 3),
		(11, 40, 3),
		(12, 39, 3),
		(13, 38, 3),
		(14, 37, 3),
		(15, 36, 3),
		(16, 35, 3),
		(17, 34, 3),
		(18, 33, 2),
		(19, 32, 2),
		(20, 31, 2),
		(21, 30, 2),
		(22, 29, 2),
		(23, 28, 2),
		(24, 27, 2),
		(25, 26, 2),
		(26, 25, 2),
		(27, 24, 2),
		(28, 23, 2),
		(29, 22, 2),
		(30, 21, 2),
		(31, 20, 2),
		(32, 19, 2),
		(33, 18, 2),
		(34, 17, 2),
		(35, 16, 2),
		(36, 15, 2),
		(37, 14, 2),
		(38, 13, 2),
		(39, 12, 2),
		(40, 11, 2),
		(41, 10, 2),
		(42, 9, 1),
		(43, 8, 1),
		(44, 7, 1),
		(45, 6, 1),
		(46, 5, 1),
		(47, 4, 1),
		(48, 3, 1),
		(49, 2, 1),
		(50, 1, 1);

INSERT INTO PARKINGLOT (parkingLotId, name, municipality, province, carspace)
	VALUES
		(1, "p_lot_1", "Settimo", "Torino", 1),
		(2, "p_lot_2", "Settimo", "Torino", 2),
		(3, "p_lot_3", "Settimo", "Torino", 3),
		(4, "p_lot_4", "Settimo", "Torino", 4),
		(5, "p_lot_5", "Settimo", "Torino", 5),
		(6, "p_lot_6", "Settimo", "Torino", 6),
		(7, "p_lot_7", "Settimo", "Torino", 7),
		(8, "p_lot_8", "Settimo", "Torino", 8),
		(9, "p_lot_9", "Settimo", "Torino", 9),
		(10, "p_lot_10", "Settimo", "Torino", 10),
		(11, "p_lot_11", "Candelo", "Biella", 11),
		(12, "p_lot_12", "Trecate", "Novara", 12),
		(13, "p_lot_13", "Candelo", "Biella", 13),
		(14, "p_lot_14", "Trecate", "Novara", 14),
		(15, "p_lot_15", "Candelo", "Biella", 15),
		(16, "p_lot_16", "Trecate", "Novara", 16),
		(17, "p_lot_17", "Candelo", "Biella", 17),
		(18, "p_lot_18", "Refrancore", "Asti", 18),
		(19, "p_lot_19", "Trecate", "Novara", 19),
		(20, "p_lot_20", "Refrancore", "Asti", 20),
		(21, "p_lot_21", "Trecate", "Novara", 21), 
		(22, "p_lot_22", "Refrancore", "Asti", 22),
		(23, "p_lot_23", "Candelo", "Biella", 23),
		(24, "p_lot_24", "Refrancore", "Asti", 24),
		(25, "p_lot_25", "Refrancore", "Asti", 25),
		(26, "p_lot_26", "Trecate", "Novara", 26),
		(27, "p_lot_27", "Refrancore", "Asti", 27),
		(28, "p_lot_28", "Refrancore", "Asti", 28),
		(29, "p_lot_29", "Trecate", "Novara", 29),
		(30, "p_lot_30", "Refrancore", "Asti", 30),
		(31, "p_lot_31", "Candelo", "Biella", 31),
		(32, "p_lot_32", "Refrancore", "Asti", 32),
		(33, "p_lot_33", "Trecate", "Novara", 33),
		(34, "p_lot_34", "Trecate", "Novara", 34),
		(35, "p_lot_35", "Refrancore", "Asti", 35),
		(36, "p_lot_36", "Trecate", "Novara", 36),
		(37, "p_lot_37", "Candelo", "Biella", 37),
		(38, "p_lot_38", "Candelo", "Biella", 38),
		(39, "p_lot_39", "Candelo", "Biella", 39),
		(40, "p_lot_40", "Candelo", "Biella", 40),
		(41, "p_lot_41", "Settimo", "Torino", 41), 
		(42, "p_lot_42", "Settimo", "Torino", 42),
		(43, "p_lot_43", "Settimo", "Torino", 43),
		(44, "p_lot_44", "Settimo", "Torino", 44),
		(45, "p_lot_45", "Settimo", "Torino", 45),
		(46, "p_lot_46", "Settimo", "Torino", 46),
		(47, "p_lot_47", "Settimo", "Torino", 47),
		(48, "p_lot_48", "Settimo", "Torino", 48),
		(49, "p_lot_49", "Settimo", "Torino", 49),
		(50, "p_lot_50", "Settimo", "Torino", 50);

INSERT INTO HIKEREFERENCEPOINT (hikeID, referencePointId)
	VALUES
		(1, 1),
		(1, 2),
		(2, 2),
		(2, 4);

INSERT INTO HIKE (hikeID, title, length, expectedTime, ascent, difficulty, startPointID, endPointID, description, municipality, province)
	VALUES
		(1, "hike#1", 700, 130, 100, "Tourist", 1, 4, "description1","Settimo", "Torino"),
		(2, "hike#2", 2122, 145, 123, "Hiker", 2, 5, "Description2","Candelo", "Biella"),
		(3, "hike#3", 3976, 160, 514, "Professional Hiker", 3, 6, "description3","Settimo", "Torino"),
		(4, "hike#4", 1683, 200, 178, "Tourist", 12, 42 , "description4","Candelo", "Biella"),
		(5, "hike#5", 930, 212, 189, "Hiker", 50, 45, "description5", "Trecate", "Novara"),
		(6, "hike#6", 512, 313, 526, "Tourist", 44, 36, "description6","Refrancore", "Asti"),
		(7, "hike#7", 4673, 124, 345, "Hiker", 33, 27, "description7","Trecate", "Novara"),
		(8, "hike#8", 5426, 152, 123, "Tourist", 22, 38, "description8","Refrancore", "Asti"),
		(9, "hike#9", 9731, 300, 300, "Professional Hiker", 11, 49, "description9", "Trecate", "Novara"),
		(10, "hike#10", 1111, 210,  200, "Tourist", 1, 21, "description10", "Settimo", "Torino");

INSERT INTO HIKEGROUP(groupID, hikeID, leaderID)
	VALUES
		(1,	10,	1),
		(2,	9,	2),
		(3,	8,	10),
		(4,	7,	9),
		(5,	6,	8),
		(6,	5,	7),
		(7,	4,	6),
		(8,	3,	5),
		(9,	2,	4),
		(10,1,	3);

INSERT INTO HIKEGROUPMEMBER (groupID, userID, confirmed, completed)
	VALUES
		(1,1,1,1),
		(2,2,1,0),
		(3,3,1,0),
		(4,4,0,1),
		(5,5,0,1),
		(6,6,0,1),
		(7,7,0,1),
		(8,8,0,1),
		(9,9,0,1),
		(10,10,0,1),
		(1,11,0,1),
		(2,12,0,1),
		(3,13,0,1),
		(4,14,0,1),
		(5,15,0,1),
		(6,16,0,1),
		(7,17,1,1),
		(8,18,1,1),
		(9,19,1,1),
		(10,20,0,1),
		(1,21,1,1),
		(2,22,1,1),
		(3,23,1,1),
		(4,24,0,1),
		(5,25,0,1),
		(6,26,0,1),
		(7,27,1,0),
		(8,28,1,0),
		(9,29,1,0),
		(10,30,0,0),
		(1,31,0,0),
		(2,32,0,0),
		(3,33,1,0),
		(4,34,1,0),
		(5,35,1,1),
		(6,36,0,1),
		(7,37,0,1),
		(8,38,1,1),
		(9,39,1,1),
		(10,40,1,1);

INSERT INTO HUTWORKER (userID, hutID, confirmed)
	VALUES
		(1,  50, 0),
		(2,  49, 0),
		(3,  48, 0),
		(4,  47, 0),
		(5,  46, 0),
		(6,  45, 0),
		(7,  44, 0),
		(8,  43, 0),
		(9,  42, 0),
		(10, 41, 1),
		(11, 40, 1),
		(12, 39, 1),
		(13, 38, 1),
		(14, 37, 1),
		(15, 36, 1),
		(16, 35, 1),
		(17, 34, 1),
		(18, 33, 1),
		(19, 32, 0),
		(20, 31, 0),
		(21, 30, 0),
		(22, 29, 0),
		(23, 28, 0),
		(24, 27, 0),
		(25, 26, 0),
		(26, 25, 0),
		(27, 24, 0),
		(28, 23, 1),
		(29, 22, 1),
		(30, 21, 1),
		(31, 20, 1),
		(32, 19, 1),
		(33, 18, 1),
		(34, 17, 1),
		(35, 16, 1),
		(36, 15, 1),
		(37, 14, 0),
		(38, 13, 0),
		(39, 12, 0),
		(40, 11, 0),
		(41, 10, 0),
		(42, 9, 0),
		(43, 8, 0),
		(44, 7, 0),
		(45, 6, 0),
		(46, 5, 0),
		(47, 4, 1),
		(48, 3, 1),
		(49, 2, 1),
		(50, 1, 1);